{
  "users": [
    {
      "id": 1,
      "name": "John Doe",
      "phone": "987654321",
      "email": "john.doe@mail.com",
      "password": "john.pwd",
      "area": "jaydev vihar",
      "landmark": "near flyover",
      "pincode": "76201",
      "city": "Bhubaneshwar",
      "state": "Odisha"
    },
  
    {
      "name": "Lopinti Manoj Kumar",
      "phone": "09556771929",
      "email": "lopintimanoj957@gmail.com",
      "password": "snapseed",
      "area": "patia",
      "landmark": "near koel campus",
      "pincode": "761201",
      "city": "Bhubaneswar",
      "state": "Odisha",
      "id": 3
    }
  ]
}